Accuracy,Precision,Sensitivity,Specificity,Description
0.8936070197430273,1,0.8936070197430273,NA,Naive model
0.681761203384519,0.6796422935297212,0.95,0.2063423110338836,Downsample majority class
0.8025697273581949,0.866912151499211,0.9079889807162534,0.18996798292422626,Naive with boosting algorithm
0.8025697273581949,0.866912151499211,0.9079889807162534,0.18996798292422626,Naive with boosting algorithm
0.8936070197430273,1,0.8936070197430273,NA,Naive with boosting algorithm
